Position,Title,URL,Site Name,Snippet
1,Read Customer Service Reviews of www.cj.com - Trustpilot,https://www.trustpilot.com/review/www.cj.com,www.trustpilot.com,Join the 201 people who've already reviewed CJ. Your experience can help others make better choices.
2,Anyone else think CJ Affiliate is hot garbage? : r/juststart,https://www.reddit.com/r/juststart/comments/scboyk/anyone_else_think_cj_affiliate_is_hot_garbage/,www.reddit.com,"It seems like utter garbage to me, truly the worst affiliate network out there - I don't know how they get companies to sign up to it still."
3,CJ Affiliate Review (Commission Junction) 2024,https://www.authorityhacker.com/cj-affiliate-review/,www.authorityhacker.com,CJ was the best affiliate network in the world at one stage. Is it still on the top? Check our CJ Affiliate review 2024.
4,"CJ Affiliate Reviews 2024: Details, Pricing, & Features",https://www.g2.com/products/cj-affiliate/reviews,www.g2.com,"Positive experience with CJ Affiliate, but dislike high minimum payout threshold, the slow approval process for affiliate programs, and limited reporting and ..."
5,CJ Affiliate Reviews & Ratings 2024,https://www.trustradius.com/products/cj-affiliate/reviews,www.trustradius.com,One of the best worldwide affiliate networks that help my company to earn money within a few months. The best thing about this software is that it is campaign ...
6,"CJ Reviews, Ratings & Features 2024 | Gartner Peer Insights",https://www.gartner.com/reviews/market/affiliate-marketing-platforms/vendor/cj/product/cj,www.gartner.com,"Read the latest, in-depth CJ reviews from real users verified by Gartner Peer Insights, and choose your business software with confidence."
7,Commission Junction (CJ) Reviews - 56 Reviews of Cj.com,https://www.sitejabber.com/reviews/cj.com,www.sitejabber.com,"Commission Junction (CJ) has a rating of 1.3 stars from 56 reviews, indicating that most customers are generally dissatisfied with their purchases."
8,CJ Affiliate - Affiliate Network Reviews,https://www.affpaying.com/cjaffiliate,www.affpaying.com,Cj is the worst affiliate network I've ever worked with. They suspended my account with no reason and am having $1250 stuck with them.
9,CJ Affiliate Reviews - Are They Scam or Legit?,https://www.weberlo.com/blog/cj-affiliate-reviews,www.weberlo.com,"May 17, 2022 — CJ Affiliate is an entirely legit affiliate marketing platform with experience of over 20 years. The company comes with many advantages for users and some ..."
